{
	"credit": "Made with Blockbench",
	"textures": {
		"particle": "block/daylight_detector_inverted_top",
		"top": "block/daylight_detector_inverted_top",
		"side": "block/daylight_detector_side"
	},
	"elements": [
		{
			"from": [0, 0, 0],
			"to": [16, 6, 16],
			"faces": {
				"north": {"uv": [0, 10, 16, 16], "rotation": 180, "texture": "#side", "cullface": "north"},
				"east": {"uv": [0, 10, 16, 16], "rotation": 180, "texture": "#side", "cullface": "east"},
				"south": {"uv": [0, 10, 16, 16], "texture": "#side", "cullface": "south"},
				"west": {"uv": [0, 10, 16, 16], "texture": "#side", "cullface": "west"},
				"up": {"uv": [0, 0, 16, 16], "texture": "#top"},
				"down": {"uv": [0, 0, 16, 16], "rotation": 270, "texture": "#side", "cullface": "down"}
			}
		}
	]
}