{
    "parent": "builtin/entity",
    "gui_light": "front",
    "textures": {
        "particle": "item/trident"
    },
    "credit": "Made by ZenithKnight#1225 u/NitroCipher",
    "display": {
        "thirdperson_righthand": {
            "rotation": [ 0, 60, 0 ],
            "translation": [ 18, 17, 2 ],
            "scale": [ 1, 1, 2 ]
        },
        "thirdperson_lefthand": {
            "rotation": [ 0, 60, 0 ],
            "translation": [ 10, 17, 16 ],
            "scale": [ 1, 1, 2 ]
        },
        "firstperson_righthand": {
            "rotation": [ 0, -90, 25 ],
            "translation": [ -12, 17, 1],
            "scale": [ 1, 1, 2 ]
        },
        "firstperson_lefthand": {
            "rotation": [ 0, 90, -25 ],
            "translation": [ 20, 17, 1],
            "scale": [ 1, 1, 2 ]
        },
        "gui": {
            "rotation": [ 15, -25, -5 ],
            "translation": [ 2, 3, 0 ],
            "scale": [ 0.65, 0.65, 1.3 ]
        },
        "fixed": {
            "rotation": [ 0, 180, 0 ],
            "translation": [ -2, 4, -5],
            "scale":[ 0.5, 0.5, 1]
        },
        "ground": {
            "rotation": [ 0, 0, 0 ],
            "translation": [ 4, 4, 2],
            "scale":[ 0.25, 0.25, 0.5]
        }
    },
    "overrides": [
        {
            "predicate": {
                "throwing": 1
            },
            "model": "item/trident_throwing"
        }
    ]
}
